{
  "loss": [
    0.07222621142864227,
    0.03209107741713524,
    0.00895334780216217,
    0.0016246187733486295,
    0.0015838349936529994
  ],
  "mae": [
    0.7708447575569153,
    0.36768993735313416,
    0.12846148014068604,
    0.040347274392843246,
    0.039179615676403046
  ],
  "val_loss": [
    0.03119654208421707,
    0.003838182892650366,
    0.0016967643750831485,
    0.0016486109234392643,
    0.0012053550453856587
  ],
  "val_mae": [
    0.35902702808380127,
    0.0730908140540123,
    0.04127390682697296,
    0.03773793950676918,
    0.028176791965961456
  ],
  "learning_rate": [
    0.0003000000142492354,
    0.0003000000142492354,
    0.0003000000142492354,
    0.0003000000142492354,
    0.0003000000142492354
  ]
}