loss,mae,val_loss,val_mae,learning_rate
0.07222621142864227,0.7708447575569153,0.03119654208421707,0.35902702808380127,0.0003000000142492354
0.03209107741713524,0.36768993735313416,0.003838182892650366,0.0730908140540123,0.0003000000142492354
0.00895334780216217,0.12846148014068604,0.0016967643750831485,0.04127390682697296,0.0003000000142492354
0.0016246187733486295,0.040347274392843246,0.0016486109234392643,0.03773793950676918,0.0003000000142492354
0.0015838349936529994,0.039179615676403046,0.0012053550453856587,0.028176791965961456,0.0003000000142492354
