{
  "Model": [
    "Attention VQA Full"
  ],
  "BLEU": [
    0.6073566312658862
  ],
  "ROUGE-1": [
    0.8546702186702185
  ],
  "Time (s)": [
    0.07898471355438233
  ]
}