Model,BLEU,ROUGE-1,Time (s)
Attention VQA Full,0.6073566312658862,0.8546702186702185,0.07898471355438233
